{
    "metrics": {
        "iterations": {
            "count": 408,
            "rate": 40.7609007296169
        },
        "group_duration": {
            "med": 4.2858315000000005,
            "max": 112.662931,
            "p(90)": 17.300727600000002,
            "p(95)": 18.387594749999998,
            "p(99)": 21.999381519999996,
            "avg": 8.134653384803922,
            "min": 0.833542
        },
        "http_reqs": {
            "count": 1632,
            "rate": 163.0436029184676
        },
        "http_req_tls_handshaking": {
            "p(90)": 0,
            "p(95)": 0,
            "p(99)": 0,
            "avg": 0.010054912990196079,
            "min": 0,
            "med": 0,
            "max": 7.134296
        },
        "iteration_duration": {
            "p(90)": 26.988285800000003,
            "p(95)": 28.530285599999992,
            "p(99)": 36.261980060000006,
            "avg": 24.494972546568622,
            "min": 10.412237,
            "med": 23.907351,
            "max": 160.937503
        },
        "http_req_duration": {
            "max": 82.57084,
            "p(90)": 9.722465,
            "p(95)": 10.435245849999998,
            "p(99)": 13.622516560000012,
            "avg": 5.798890677696083,
            "min": 0.727184,
            "med": 5.3194615,
            "thresholds": {
                "p(95)<3000": false
            }
        },
        "data_received": {
            "count": 3346674,
            "rate": 334346.68305977917
        },
        "data_sent": {
            "count": 120034,
            "rate": 11991.896956320674
        },
        "checks": {
            "passes": 3672,
            "fails": 0,
            "thresholds": {
                "rate>0.90": false
            },
            "value": 1
        },
        "http_req_failed": {
            "passes": 0,
            "fails": 1632,
            "thresholds": {
                "rate<0.10": false
            },
            "value": 0
        },
        "http_req_receiving": {
            "med": 0.1521805,
            "max": 4.171921,
            "p(90)": 0.2886379,
            "p(95)": 0.33591024999999997,
            "p(99)": 0.5422369699999999,
            "avg": 0.17509044730392156,
            "min": 0.032592
        },
        "http_req_blocked": {
            "max": 8.104415,
            "p(90)": 0.001301,
            "p(95)": 0.0013848999999999997,
            "p(99)": 0.0016842500000000013,
            "avg": 0.012685464460784293,
            "min": 0.000278,
            "med": 0.000992
        },
        "http_req_connecting": {
            "min": 0,
            "med": 0,
            "max": 0.542447,
            "p(90)": 0,
            "p(95)": 0,
            "p(99)": 0,
            "avg": 0.0009132359068627451
        },
        "http_req_waiting": {
            "min": 0.65319,
            "med": 5.0320485,
            "max": 81.46381,
            "p(90)": 9.2120596,
            "p(95)": 9.913108999999995,
            "p(99)": 12.743002200000038,
            "avg": 5.440043039828432
        },
        "http_req_duration{expected_response:true}": {
            "med": 5.3194615,
            "max": 82.57084,
            "p(90)": 9.722465,
            "p(95)": 10.435245849999998,
            "p(99)": 13.622516560000012,
            "avg": 5.798890677696083,
            "min": 0.727184
        },
        "vus": {
            "value": 1,
            "min": 1,
            "max": 1
        },
        "http_req_sending": {
            "med": 0.1756995,
            "max": 1.173864,
            "p(90)": 0.24671700000000002,
            "p(95)": 0.27345054999999974,
            "p(99)": 0.3371876900000001,
            "avg": 0.18375719056372541,
            "min": 0.041402
        },
        "vus_max": {
            "value": 1,
            "min": 1,
            "max": 1
        }
    },
    "root_group": {
        "path": "",
        "id": "d41d8cd98f00b204e9800998ecf8427e",
        "groups": {
            "MinIO Console": {
                "name": "MinIO Console",
                "path": "::MinIO Console",
                "id": "73cbeb067f5df991ddacc50acb0d8f38",
                "groups": {},
                "checks": {
                        "minio-console-root responds": {
                            "passes": 408,
                            "fails": 0,
                            "name": "minio-console-root responds",
                            "path": "::MinIO Console::minio-console-root responds",
                            "id": "085c245889776e36eaccc9d9cb522cc0"
                        },
                        "minio-console-root healthy": {
                            "name": "minio-console-root healthy",
                            "path": "::MinIO Console::minio-console-root healthy",
                            "id": "9af8a063ac3ddd01085fc3c4d8f2e03b",
                            "passes": 408,
                            "fails": 0
                        },
                        "minio-console-root duration < 2000ms": {
                            "name": "minio-console-root duration < 2000ms",
                            "path": "::MinIO Console::minio-console-root duration < 2000ms",
                            "id": "96dff5513585c6ff52357198c3b26709",
                            "passes": 408,
                            "fails": 0
                        }
                    }
            },
            "MinIO API": {
                "name": "MinIO API",
                "path": "::MinIO API",
                "id": "acc4201e08a6869a0e0cf18ac87abc32",
                "groups": {},
                "checks": {
                        "minio-api-health responds": {
                            "id": "804245c622b62c732927ce033c77db8b",
                            "passes": 408,
                            "fails": 0,
                            "name": "minio-api-health responds",
                            "path": "::MinIO API::minio-api-health responds"
                        },
                        "minio-api-health healthy": {
                            "fails": 0,
                            "name": "minio-api-health healthy",
                            "path": "::MinIO API::minio-api-health healthy",
                            "id": "64fdfea3a45da0d73dd27101039d28e9",
                            "passes": 408
                        },
                        "minio-api-health duration < 2000ms": {
                            "passes": 408,
                            "fails": 0,
                            "name": "minio-api-health duration < 2000ms",
                            "path": "::MinIO API::minio-api-health duration < 2000ms",
                            "id": "0a66ac026c6d7fe448cec23650dd7839"
                        }
                    }
            },
            "pgAdmin": {
                "id": "aa2c910d981e4fe3e48005be002e3ca7",
                "groups": {},
                "checks": {
                        "pgadmin-root responds": {
                            "name": "pgadmin-root responds",
                            "path": "::pgAdmin::pgadmin-root responds",
                            "id": "c25538bda298d7f80986ca3ef961c97d",
                            "passes": 408,
                            "fails": 0
                        },
                        "pgadmin-root healthy": {
                            "name": "pgadmin-root healthy",
                            "path": "::pgAdmin::pgadmin-root healthy",
                            "id": "c5673b52e150b1bd7a4f56b8a2a7d7a5",
                            "passes": 408,
                            "fails": 0
                        },
                        "pgadmin-root duration < 3000ms": {
                            "path": "::pgAdmin::pgadmin-root duration < 3000ms",
                            "id": "97c0e42fd7977b48236c2527a74fe279",
                            "passes": 408,
                            "fails": 0,