{
    "metrics": {
        "iterations": {
            "count": 559,
            "rate": 55.815486110983464
        },
        "http_req_failed": {
            "passes": 0,
            "fails": 1118,
            "thresholds": {
                "rate<0.10": false
            },
            "value": 0
        },
        "http_req_duration": {
            "avg": 8.618374321109115,
            "min": 0.345735,
            "med": 4.84586,
            "max": 29.022028,
            "p(90)": 19.7969994,
            "p(95)": 20.559565799999998,
            "p(99)": 23.355578989999994,
            "thresholds": {
                "p(95)<3000": false
            }
        },
        "http_reqs": {
            "count": 1118,
            "rate": 111.63097222196693
        },
        "iteration_duration": {
            "avg": 17.89039750983901,
            "min": 5.583801,
            "med": 20.76229,
            "max": 40.001559,
            "p(90)": 23.459719399999997,
            "p(95)": 24.262952300000002,
            "p(99)": 28.331013539999997
        },
        "data_received": {
            "count": 35644847,
            "rate": 3559095.639815082
        },
        "http_req_sending": {
            "p(99)": 0.38741751999999563,
            "avg": 0.12504553220035783,
            "min": 0.020265,
            "med": 0.12157000000000001,
            "max": 1.578177,
            "p(90)": 0.19314160000000002,
            "p(95)": 0.21031249999999987
        },
        "group_duration": {
            "p(99)": 28.295477739999995,
            "avg": 17.86093023613596,
            "min": 5.565864,
            "med": 20.735701,
            "max": 39.915866,
            "p(90)": 23.427081199999996,
            "p(95)": 24.2269566
        },
        "vus": {
            "max": 1,
            "value": 1,
            "min": 1
        },
        "vus_max": {
            "value": 1,
            "min": 1,
            "max": 1
        },
        "checks": {
            "passes": 3354,
            "fails": 0,
            "thresholds": {
                "rate>0.90": false
            },
            "value": 1
        },
        "http_req_waiting": {
            "p(95)": 18.58353385,
            "p(99)": 20.957653029999992,
            "avg": 7.766097762969593,
            "min": 0.191448,
            "med": 4.474812999999999,
            "max": 25.337987,
            "p(90)": 17.879607200000002
        },
        "http_req_tls_handshaking": {
            "max": 7.056969,
            "p(90)": 0,
            "p(95)": 0,
            "p(99)": 0,
            "avg": 0.006312136851520572,
            "min": 0,
            "med": 0
        },
        "http_req_duration{expected_response:true}": {
            "med": 4.84586,
            "max": 29.022028,
            "p(90)": 19.7969994,
            "p(95)": 20.559565799999998,
            "p(99)": 23.355578989999994,
            "avg": 8.618374321109115,
            "min": 0.345735
        },
        "http_req_blocked": {
            "p(99)": 0.0015992999999999992,
            "avg": 0.007905484794275512,
            "min": 0.000129,
            "med": 0.0008445,
            "max": 7.939263,
            "p(90)": 0.0011926,
            "p(95)": 0.0012812999999999998
        },
        "data_sent": {
            "count": 136977,
            "rate": 13676.990771062938
        },
        "http_req_connecting": {
            "avg": 0.00044423345259391773,
            "min": 0,
            "med": 0,
            "max": 0.496653,
            "p(90)": 0,
            "p(95)": 0,
            "p(99)": 0
        },
        "http_req_receiving": {
            "avg": 0.7272310259391779,
            "min": 0.013803,
            "med": 0.3330295,
            "max": 8.87616,
            "p(90)": 1.8537061000000001,
            "p(95)": 2.09865195,
            "p(99)": 2.7079043799999973
        }
    },
    "root_group": {
        "groups": {
            "Grafana": {
                "checks": {
                    "grafana-root responds": {
                        "name": "grafana-root responds",
                        "path": "::Grafana::grafana-root responds",
                        "id": "528d36108ec2977fb4711a80091116b8",
                        "passes": 559,
                        "fails": 0
                    },
                    "grafana-root healthy": {
                        "name": "grafana-root healthy",
                        "path": "::Grafana::grafana-root healthy",
                        "id": "898577b2bc09897fe3a39aa6493cd260",
                        "passes": 559,
                        "fails": 0
                    },
                    "grafana-root duration < 2000ms": {
                        "name": "grafana-root duration < 2000ms",
                        "path": "::Grafana::grafana-root duration < 2000ms",
                        "id": "f30324162f218fa05abd6ec24051f76e",
                        "passes": 559,
                        "fails": 0
                    },
                    "grafana-health status OK": {
                        "name": "grafana-health status OK",
                        "path": "::Grafana::grafana-health status OK",
                        "id": "6e41b33a81104480975993ca62396bcb",
                        "passes": 559,
                        "fails": 0
                    },
                    "grafana-health duration < 2000ms": {
                        "fails": 0,
                        "name": "grafana-health duration < 2000ms",
                        "path": "::Grafana::grafana-health duration < 2000ms",
                        "id": "87f200f8f03c7c15be5f2785b0296b53",
                        "passes": 559
                    },
                    "grafana-health has database": {
                        "path": "::Grafana::grafana-health has database",
                        "id": "dc674fd40017c711c692705d15ace02e",
                        "passes": 559,
                        "fails": 0,
                        "name": "grafana-health has database"
                    }
                },
                "name": "Grafana",
                "path": "::Grafana",
                "id": "09936cc06f32a2612f4d0d309fe4b563",
                "groups": {}
            }
        },
        "checks": {},
        "name": "",
        "path": "",
        "id": "d41d8cd98f00b204e9800998ecf8427e"
    }
}