{
    "metrics": {
        "iterations": {
            "rate": 10.443285169792958,
            "count": 105
        },
        "http_req_duration": {
            "max": 49.319226,
            "p(90)": 47.18048,
            "p(95)": 47.4068636,
            "p(99)": 47.861989460000004,
            "avg": 31.45472533333331,
            "min": 0.762432,
            "med": 45.458059,
            "thresholds": {
                "p(95)<3000": false
            }
        },
        "checks": {
            "passes": 840,
            "fails": 0,
            "thresholds": {
                "rate>0.90": false
            },
            "value": 1
        },
        "http_req_waiting": {
            "min": 0.662237,
            "med": 4.221598,
            "max": 28.224481,
            "p(90)": 5.4192244,
            "p(95)": 5.6542589,
            "p(99)": 7.683427800000015,
            "avg": 3.859831082539683
        },
        "http_req_failed": {
            "passes": 0,
            "fails": 315,
            "thresholds": {
                "rate<0.10": false
            },
            "value": 0
        },
        "data_received": {
            "count": 152720,
            "rate": 15189.50962981696
        },
        "http_req_duration{expected_response:true}": {
            "p(99)": 47.861989460000004,
            "avg": 31.45472533333331,
            "min": 0.762432,
            "med": 45.458059,
            "max": 49.319226,
            "p(90)": 47.18048,
            "p(95)": 47.4068636
        },
        "http_reqs": {
            "count": 315,
            "rate": 31.329855509378877
        },
        "vus_max": {
            "value": 1,
            "min": 1,
            "max": 1
        },
        "http_req_connecting": {
            "p(90)": 0,
            "p(95)": 0,
            "p(99)": 0,
            "avg": 0.00354675873015873,
            "min": 0,
            "med": 0,
            "max": 0.574623
        },
        "group_duration": {
            "avg": 47.81670392380949,
            "min": 0.897558,
            "med": 45.9990555,
            "max": 96.745814,
            "p(90)": 93.7786806,
            "p(95)": 94.515533,
            "p(99)": 95.7070098
        },
        "data_sent": {
            "count": 15878,
            "rate": 1579.2236373902151
        },
        "http_req_sending": {
            "avg": 0.19271202857142855,
            "min": 0.034621,
            "med": 0.189558,
            "max": 1.220227,
            "p(90)": 0.2432492,
            "p(95)": 0.2692222,
            "p(99)": 0.3657087
        },
        "vus": {
            "min": 1,
            "max": 1,
            "value": 1
        },
        "http_req_tls_handshaking": {
            "min": 0,
            "med": 0,
            "max": 5.370828,
            "p(90)": 0,
            "p(95)": 0,
            "p(99)": 0,
            "avg": 0.03292120952380952
        },
        "http_req_receiving": {
            "med": 40.743446,
            "max": 42.781728,
            "p(90)": 41.9988418,
            "p(95)": 42.246329700000004,
            "p(99)": 42.584523,
            "avg": 27.40218222222221,
            "min": 0.022199
        },
        "http_req_blocked": {
            "p(95)": 0.0014142999999999998,
            "p(99)": 0.002114060000000007,
            "avg": 0.04018119999999995,
            "min": 0.000251,
            "med": 0.001026,
            "max": 6.326627,
            "p(90)": 0.0013258000000000002
        },
        "iteration_duration": {
            "p(95)": 98.0105286,
            "p(99)": 99.86562284,
            "avg": 95.69875023809523,
            "min": 78.861062,
            "med": 95.573958,
            "max": 122.298404,
            "p(90)": 97.7417768
        }
    },
    "root_group": {
        "name": "",
        "path": "",
        "id": "d41d8cd98f00b204e9800998ecf8427e",
        "groups": {
            "MLflow": {
                "groups": {},
                "checks": {
                        "mlflow-root responds": {
                            "name": "mlflow-root responds",
                            "path": "::MLflow::mlflow-root responds",
                            "id": "361de11ab7cfa7e84c0fe975d4941d52",
                            "passes": 105,
                            "fails": 0
                        },
                        "mlflow-root healthy": {
                            "path": "::MLflow::mlflow-root healthy",
                            "id": "72d0f1e0c902646543a128e4ed495d04",
                            "passes": 105,
                            "fails": 0,
                            "name": "mlflow-root healthy"
                        },
                        "mlflow-root duration < 2000ms": {
                            "name": "mlflow-root duration < 2000ms",
                            "path": "::MLflow::mlflow-root duration < 2000ms",
                            "id": "a99ef58b55ffdc4c97df92eca084e32e",
                            "passes": 105,
                            "fails": 0
                        },
                        "mlflow-health status OK": {
                            "id": "3a5bb0a11b8ceedac6b85dc16f7aa61e",
                            "passes": 105,
                            "fails": 0,
                            "name": "mlflow-health status OK",
                            "path": "::MLflow::mlflow-health status OK"
                        },
                        "mlflow-health duration < 2000ms": {
                            "passes": 105,
                            "fails": 0,
                            "name": "mlflow-health duration < 2000ms",
                            "path": "::MLflow::mlflow-health duration < 2000ms",
                            "id": "6cf9af6c964d45bee6a61f8a63971b2e"
                        }
                    },
                "name": "MLflow",
                "path": "::MLflow",
                "id": "105f3d180e563d389e6589cff981080b"
            },
            "Argo Workflows": {
                "id": "2bd6a7eb5657f03349dd721576ae1ae2",
                "groups": {},
                "checks": {
                        "argo-workflows-root responds": {
                            "name": "argo-workflows-root responds",
                            "path": "::Argo Workflows::argo-workflows-root responds",
                            "id": "4cd7c1f3f02338b7c926b57dd4a5ba02",
                            "passes": 105,
                            "fails": 0
                        },
                        "argo-workflows-root healthy": {
                            "name": "argo-workflows-root healthy",
                            "path": "::Argo Workflows::argo-workflows-root healthy",
                            "id": "52c08365d5728e9879c3959c84af0d3d",
                            "passes": 105,
                            "fails": 0
                        },
                        "argo-workflows-root duration < 2000ms": {
                            "fails": 0,
                            "name": "argo-workflows-root duration < 2000ms",
                            "path": "::Argo Workflows::argo-workflows-root duration < 2000ms",
                            "id": "fa697684dd3d4adf182709898cac8c26",
                            "passes": 105
                        }
                    },
                "name": "Argo Workflows",
                "path": "::Argo Workflows"
            }
        },
        "checks": {}
    }
}