{
    "metrics": {
        "iteration_duration": {
            "p(95)": 24.4579238,
            "p(99)": 27.787524300000005,
            "avg": 18.967909829222005,
            "min": 5.588493,
            "med": 21.027298,
            "max": 93.28399,
            "p(90)": 23.6712352
        },
        "http_req_tls_handshaking": {
            "p(95)": 0,
            "p(99)": 0,
            "avg": 0.006733954459203036,
            "min": 0,
            "med": 0,
            "max": 7.097588,
            "p(90)": 0
        },
        "http_req_waiting": {
            "p(95)": 18.557049749999997,
            "p(99)": 20.728923380000005,
            "avg": 8.236092182163194,
            "min": 0.323332,
            "med": 3.6733355,
            "max": 74.844699,
            "p(90)": 17.7277585
        },
        "vus_max": {
            "value": 1,
            "min": 1,
            "max": 1
        },
        "http_reqs": {
            "count": 1054,
            "rate": 105.28862307282685
        },
        "http_req_blocked": {
            "min": 0.000201,
            "med": 0.000853,
            "max": 8.106346,
            "p(90)": 0.0012097,
            "p(95)": 0.001292,
            "p(99)": 0.00148641,
            "avg": 0.008545466793168864
        },
        "checks": {
            "passes": 3162,
            "fails": 0,
            "thresholds": {
                "rate>0.90": false
            },
            "value": 1
        },
        "http_req_connecting": {
            "min": 0,
            "med": 0,
            "max": 0.5373,
            "p(90)": 0,
            "p(95)": 0,
            "p(99)": 0,
            "avg": 0.0005097722960151803
        },
        "http_req_sending": {
            "p(95)": 0.21663224999999997,
            "p(99)": 0.37473966000000064,
            "avg": 0.13091959867172667,
            "min": 0.021509,
            "med": 0.12950899999999999,
            "max": 0.991531,
            "p(90)": 0.1942901
        },
        "http_req_duration": {
            "min": 0.366119,
            "med": 4.0385175,
            "max": 82.051536,
            "p(90)": 19.7320681,
            "p(95)": 20.703742899999998,
            "p(99)": 23.199219730000003,
            "avg": 9.14116292504744,
            "thresholds": {
                "p(95)<3000": false
            }
        },
        "group_duration": {
            "max": 93.175408,
            "p(90)": 23.6362858,
            "p(95)": 24.4268473,
            "p(99)": 27.755455500000007,
            "avg": 18.935409148007583,
            "min": 5.58063,
            "med": 20.99576
        },
        "data_sent": {
            "count": 130123,
            "rate": 12998.549810346725
        },
        "vus": {
            "value": 1,
            "min": 1,
            "max": 1
        },
        "http_req_failed": {
            "passes": 0,
            "fails": 1054,
            "thresholds": {
                "rate<0.10": false
            },
            "value": 0
        },
        "http_req_duration{expected_response:true}": {
            "min": 0.366119,
            "med": 4.0385175,
            "max": 82.051536,
            "p(90)": 19.7320681,
            "p(95)": 20.703742899999998,
            "p(99)": 23.199219730000003,
            "avg": 9.14116292504744
        },
        "data_received": {
            "count": 33604688,
            "rate": 3356917.7687969143
        },
        "iterations": {
            "count": 527,
            "rate": 52.644311536413426
        },
        "http_req_receiving": {
            "med": 0.30454400000000004,
            "max": 6.718024,
            "p(90)": 1.9363534,
            "p(95)": 2.1200190499999993,
            "p(99)": 2.896748710000003,
            "avg": 0.7741511442125237,
            "min": 0.013039
        }
    },
    "root_group": {
        "name": "",
        "path": "",
        "id": "d41d8cd98f00b204e9800998ecf8427e",
        "groups": {
            "Grafana": {
                "id": "09936cc06f32a2612f4d0d309fe4b563",
                "groups": {},
                "checks": {
                        "grafana-root responds": {
                            "id": "528d36108ec2977fb4711a80091116b8",
                            "passes": 527,
                            "fails": 0,
                            "name": "grafana-root responds",
                            "path": "::Grafana::grafana-root responds"
                        },
                        "grafana-root healthy": {
                            "passes": 527,
                            "fails": 0,
                            "name": "grafana-root healthy",
                            "path": "::Grafana::grafana-root healthy",
                            "id": "898577b2bc09897fe3a39aa6493cd260"
                        },
                        "grafana-root duration < 2000ms": {
                            "id": "f30324162f218fa05abd6ec24051f76e",
                            "passes": 527,
                            "fails": 0,
                            "name": "grafana-root duration < 2000ms",
                            "path": "::Grafana::grafana-root duration < 2000ms"
                        },
                        "grafana-health status OK": {
                            "id": "6e41b33a81104480975993ca62396bcb",
                            "passes": 527,
                            "fails": 0,
                            "name": "grafana-health status OK",
                            "path": "::Grafana::grafana-health status OK"
                        },
                        "grafana-health duration < 2000ms": {
                            "id": "87f200f8f03c7c15be5f2785b0296b53",
                            "passes": 527,
                            "fails": 0,
                            "name": "grafana-health duration < 2000ms",
                            "path": "::Grafana::grafana-health duration < 2000ms"
                        },
                        "grafana-health has database": {
                            "name": "grafana-health has database",
                            "path": "::Grafana::grafana-health has database",
                            "id": "dc674fd40017c711c692705d15ace02e",
                            "passes": 527,
                            "fails": 0
                        }
                    },
                "name": "Grafana",
                "path": "::Grafana"
            }
        },
        "checks": {}
    }
}